USE demo;

-- Populate Customer
INSERT INTO Customer (CustomerID, Name) VALUES (1, 'Raquel');
INSERT INTO Customer (CustomerID, Name) VALUES (2, 'Nat');
INSERT INTO Customer (CustomerID, Name) VALUES (3, 'Bryant');
INSERT INTO Customer (CustomerID, Name) VALUES (4, 'Chad');
INSERT INTO Customer (CustomerID, Name) VALUES (5, 'Christian');
INSERT INTO Customer (CustomerID, Name) VALUES (6, 'Sascha');
INSERT INTO Customer (CustomerID, Name) VALUES (7, 'Dex');
INSERT INTO Customer (CustomerID, Name) VALUES (8, 'David');
INSERT INTO Customer (CustomerID, Name) VALUES (9, 'Marshal');
INSERT INTO Customer (CustomerID, Name) VALUES (10, 'Vanessa');
INSERT INTO Customer (CustomerID, Name) VALUES (11, 'Jasmine');
INSERT INTO Customer (CustomerID, Name) VALUES (12, 'Carmen');
INSERT INTO Customer (CustomerID, Name) VALUES (13, 'Caitlin');
INSERT INTO Customer (CustomerID, Name) VALUES (14, 'Maurice');
INSERT INTO Customer (CustomerID, Name) VALUES (15, 'Darby');
INSERT INTO Customer (CustomerID, Name) VALUES (16, 'Jenna');
INSERT INTO Customer (CustomerID, Name) VALUES (17, 'Bernetta');
INSERT INTO Customer (CustomerID, Name) VALUES (18, 'Cherry');
INSERT INTO Customer (CustomerID, Name) VALUES (19, 'Tanner');
INSERT INTO Customer (CustomerID, Name) VALUES (20, 'Martin');
INSERT INTO Customer (CustomerID, Name) VALUES (21, 'Cameron');
INSERT INTO Customer (CustomerID, Name) VALUES (22, 'Maria');
INSERT INTO Customer (CustomerID, Name) VALUES (23, 'Jose');
INSERT INTO Customer (CustomerID, Name) VALUES (24, 'Fiona');
INSERT INTO Customer (CustomerID, Name) VALUES (25, 'Fred');
INSERT INTO Customer (CustomerID, Name) VALUES (26, 'Theresa');
INSERT INTO Customer (CustomerID, Name) VALUES (27, 'Sandra');
INSERT INTO Customer (CustomerID, Name) VALUES (28, 'Jenny');
INSERT INTO Customer (CustomerID, Name) VALUES (29, 'Olive');
INSERT INTO Customer (CustomerID, Name) VALUES (30, 'Sydney');
INSERT INTO Customer (CustomerID, Name) VALUES (31, 'Jerry');
INSERT INTO Customer (CustomerID, Name) VALUES (32, 'Matt');
INSERT INTO Customer (CustomerID, Name) VALUES (33, 'Bob');
INSERT INTO Customer (CustomerID, Name) VALUES (34, 'Evelyn');
INSERT INTO Customer (CustomerID, Name) VALUES (35, 'Karen');
INSERT INTO Customer (CustomerID, Name) VALUES (36, 'Weber');
INSERT INTO Customer (CustomerID, Name) VALUES (37, 'Bella');
INSERT INTO Customer (CustomerID, Name) VALUES (38, 'Tim');
INSERT INTO Customer (CustomerID, Name) VALUES (39, 'Sierra');
INSERT INTO Customer (CustomerID, Name) VALUES (40, 'Tara');
INSERT INTO Customer (CustomerID, Name) VALUES (41, 'Cassie');
INSERT INTO Customer (CustomerID, Name) VALUES (42, 'Oscar');
INSERT INTO Customer (CustomerID, Name) VALUES (43, 'Walsh');
INSERT INTO Customer (CustomerID, Name) VALUES (44, 'Alejandro');
INSERT INTO Customer (CustomerID, Name) VALUES (45, 'Mellissa');
INSERT INTO Customer (CustomerID, Name) VALUES (46, 'Liz');
INSERT INTO Customer (CustomerID, Name) VALUES (47, 'Nolan');
INSERT INTO Customer (CustomerID, Name) VALUES (48, 'Hunt');
INSERT INTO Customer (CustomerID, Name) VALUES (49, 'Tammy');
INSERT INTO Customer (CustomerID, Name) VALUES (50, 'Shaylyn');
INSERT INTO Customer (CustomerID, Name) VALUES (51, 'Nora');
INSERT INTO Customer (CustomerID, Name) VALUES (52, 'Darcy');
INSERT INTO Customer (CustomerID, Name) VALUES (53, 'Sarah');
INSERT INTO Customer (CustomerID, Name) VALUES (54, 'Emmalyn');
INSERT INTO Customer (CustomerID, Name) VALUES (55, 'Alessandra');

-- Populate Rewards
INSERT INTO Rewards (CustomerID, Phone_No, Joined) VALUES(53, '469-329-8392', '2026-02-05');
INSERT INTO Rewards (CustomerID, Phone_No, Joined) VALUES(49, '972-749-9218', '2026-02-27');
INSERT INTO Rewards (CustomerID, Email, Joined) VALUES(41, 'cassidy365@gmail.com', '2026-02-14');
INSERT INTO Rewards (CustomerID, Phone_No, Joined) VALUES(43, '214-093-9822', '2026-03-26');
INSERT INTO Rewards (CustomerID, Phone_No, Joined) VALUES(37, '479-982-4400', '2026-04-02');
INSERT INTO Rewards (CustomerID, Email, Joined) VALUES(40, 'tarasmith321@icloud.com', '2026-03-11');
INSERT INTO Rewards (CustomerID, Email, Joined) VALUES(50, 'shaylaaaaas@gmail.com', '2026-02-02');
INSERT INTO Rewards (CustomerID, Email, Joined) VALUES(26, 'theresanangel@gmail.com', '2026-03-18');
INSERT INTO Rewards (CustomerID, Phone_No, Joined) VALUES(22, '218-634-5092', '2026-03-18');
INSERT INTO Rewards (CustomerID, Phone_No, Joined) VALUES(5, '392-009-4915', '2026-03-15');
INSERT INTO Rewards (CustomerID, Phone_No, Joined) VALUES(38, '972-445-0903', '2026-02-12');
INSERT INTO Rewards (CustomerID, Phone_No, Joined) VALUES(29, '914-382-6510', '2026-03-25');
INSERT INTO Rewards (CustomerID, Phone_No, Joined) VALUES(32, '469-021-7562', '2026-04-12');
INSERT INTO Rewards (CustomerID, Email, Joined) VALUES(33, 'bobbybrown888@yahoo.com', '2026-03-01');
INSERT INTO Rewards (CustomerID, Email, Joined) VALUES(16, 'jannemarbs@icloud.com', '2026-04-12');
INSERT INTO Rewards (CustomerID, Phone_No, Joined) VALUES(19, '672-938-0280', '2026-02-17');
INSERT INTO Rewards (CustomerID, Phone_No, Joined) VALUES(11, '945-430-6619', '2026-03-02');
INSERT INTO Rewards (CustomerID, Email, Joined) VALUES(6, 'saschachacha@yahoo.com', '2026-02-12');
INSERT INTO Rewards (CustomerID, Phone_No, Joined) VALUES(1, '544-893-9201', '2026-03-14');
INSERT INTO Rewards (CustomerID, Phone_No, Joined) VALUES(10, '479-837-4920', '2026-02-20');
INSERT INTO Rewards (CustomerID, Email, Joined) VALUES(8, 'dadavid123@gmail.com', '2026-03-09');
INSERT INTO Rewards (CustomerID, Phone_No, Joined) VALUES(23, '972-898-3320', '2026-03-14');
INSERT INTO Rewards (CustomerID, Phone_No, Joined) VALUES(17, '469-802-4099', '2026-02-15');
INSERT INTO Rewards (CustomerID, Email, Joined) VALUES(7, 'dexterminator3000@gmail.com', '2026-02-15');
INSERT INTO Rewards (CustomerID, Email, Joined) VALUES(12, 'carm3nt0r@gmail.com', '2026-02-23');
INSERT INTO Rewards (CustomerID, Email, Joined) VALUES(4, 'mrchachachad@yahoo.com', '2026-03-05');
INSERT INTO Rewards (CustomerID, Phone_No, Joined) VALUES(24, '479-092-1145', '2026-03-18');
INSERT INTO Rewards (CustomerID, Phone_No, Joined) VALUES(25, '216-892-0365', '2026-04-13');
INSERT INTO Rewards (CustomerID, Phone_No, Joined) VALUES(45, '837-021-4582', '2026-03-11');
INSERT INTO Rewards (CustomerID, Email, Joined) VALUES(2, 'nataliereynolds445@gmail.com', '2026-02-22');
INSERT INTO Rewards (CustomerID, Phone_No, Joined) VALUES(34, '421-956-0493', '2026-03-01');
INSERT INTO Rewards (CustomerID, Email, Joined) VALUES(15, 'daarbyyy@yahoo.com', '2026-04-11');
INSERT INTO Rewards (CustomerID, Phone_No, Joined) VALUES(20, '563-038-5738', '2026-02-22');


-- Populate Items
INSERT INTO Items (ItemID, Name, Type, Price) VALUES (1000, 'Soda', 'Drink', 2.99);
INSERT INTO Items (ItemID, Name, Type, Price) VALUES (1001, 'Juice', 'Drink', 3.99);
INSERT INTO Items (ItemID, Name, Type, Price) VALUES (1002, 'Cocktail', 'Drink', 9.99);
INSERT INTO Items (ItemID, Name, Type, Price) VALUES (1003, 'Wine', 'Drink', 10.99);
INSERT INTO Items (ItemID, Name, Type, Price) VALUES (1004, 'Fries', 'Side', 3.99);
INSERT INTO Items (ItemID, Name, Type, Price) VALUES (1005, 'Mashed Potatoes', 'Side', 3.99);
INSERT INTO Items (ItemID, Name, Type, Price) VALUES (1006, 'Vegetables', 'Side', 2.99);
INSERT INTO Items (ItemID, Name, Type, Price) VALUES (1007, 'Salad', 'Side', 4.99);
INSERT INTO Items (ItemID, Name, Type, Price) VALUES (1008, 'Pasta', 'Entre', 12.99);
INSERT INTO Items (ItemID, Name, Type, Price) VALUES (1009, 'Steak', 'Entre', 15.99);
INSERT INTO Items (ItemID, Name, Type, Price) VALUES (1010, 'Lobster', 'Entre', 22.99);
INSERT INTO Items (ItemID, Name, Type, Price) VALUES (1011, 'Burger', 'Entre', 10.99);
INSERT INTO Items (ItemID, Name, Type, Price) VALUES (1012, 'Fried Pickles', 'Appetizer', 5.99);
INSERT INTO Items (ItemID, Name, Type, Price) VALUES (1013, 'Onion Rings', 'Appetizer', 7.99);
INSERT INTO Items (ItemID, Name, Type, Price) VALUES (1014, 'Mozzarella Sticks', 'Appetizer', 6.99);
INSERT INTO Items (ItemID, Name, Type, Price) VALUES (1015, 'Soup', 'Appetizer', 7.99);
INSERT INTO Items (ItemID, Name, Type, Price) VALUES (1016, 'Cake', 'Dessert', 7.00);
INSERT INTO Items (ItemID, Name, Type, Price) VALUES (1017, 'Ice Cream', 'Dessert', 5.00);
INSERT INTO Items (ItemID, Name, Type, Price) VALUES (1018, 'Crepe', 'Dessert', 9.00);
INSERT INTO Items (ItemID, Name, Type, Price) VALUES (1019, 'Pie', 'Dessert', 7.00);


-- Populate Employee
INSERT INTO Employee (EmployeeID, Name, Hired, Phone_No, Address_No, Street, City, State, Zipcode, Shift)
    VALUES (10000, 'Kesley', '2026-01-18', '497-619-7724', '614', 'Rosewood Drive', 'Abilene', 'Tx', '79605', 'Night');
INSERT INTO Employee (EmployeeID, Name, Hired, Phone_No, Address_No, Street, City, State, Zipcode, Shift)
    VALUES (10001, 'Rosemary', '2026-02-18', '218-161-8792', '9751', 'Park Place', 'Mesquite', 'Tx', '75149', 'Night');
INSERT INTO Employee (EmployeeID, Name, Hired, Phone_No, Address_No, Street, City, State, Zipcode, Shift)
    VALUES (10002, 'Alex', '2026-02-01', '315-646-4354', '827', 'Parker Street', 'Houston', 'Tx', '77089', 'Morning');
INSERT INTO Employee (EmployeeID, Name, Hired, Phone_No, Address_No, Street, City, State, Zipcode, Shift)
    VALUES (10003, 'Corine', '2026-01-29', '770-967-4019', '8920', '6th Street', 'Coppell', 'Tx', '75019', 'Night');
INSERT INTO Employee (EmployeeID, Name, Hired, Phone_No, Address_No, Street, City, State, Zipcode, Shift)
    VALUES (10004, 'Selena', '2026-03-20', '363-865-6022', '623', 'Cherry Street', 'Abilene', 'Tx', '79605', 'Morning');
INSERT INTO Employee (EmployeeID, Name, Hired, Phone_No, Address_No, Street, City, State, Zipcode, Shift)
    VALUES (10005, 'Sheila', '2026-01-05', '217-516-3654', '77', 'Eagle Street', 'Austin', 'Tx', '78745', 'Night');
INSERT INTO Employee (EmployeeID, Name, Hired, Phone_No, Address_No, Street, City, State, Zipcode, Shift)
    VALUES (10006, 'Holly', '2026-03-04', '897-442-2630', '8530', 'Maple Lane', 'Houston', 'Tx', '77036', 'Night');
INSERT INTO Employee (EmployeeID, Name, Hired, Phone_No, Address_No, Street, City, State, Zipcode, Shift)
    VALUES (10007, 'Jess', '2026-02-11', '334-933-4972', '495', 'Canterburry Road', 'San Antonio', 'Tx', '78323', 'Morning');
INSERT INTO Employee (EmployeeID, Name, Hired, Phone_No, Address_No, Street, City, State, Zipcode, Shift)
    VALUES (10008, 'Meryl', '2026-03-01', '575-376-5487', '740', 'Manor Drive', 'Austin', 'Tx', '78753', 'Night');
INSERT INTO Employee (EmployeeID, Name, Hired, Phone_No, Address_No, Street, City, State, Zipcode, Shift)
    VALUES (10009, 'Jack', '2026-02-02', '700-244-3979', '666', 'Harrison Street', 'Mesquite', 'Tx', '75150', 'Morning');
INSERT INTO Employee (EmployeeID, Name, Hired, Phone_No, Address_No, Street, City, State, Zipcode, Shift)
    VALUES (10010, 'My', '2026-03-13', '802-879-9165', '9150', 'Edgewood Drive', 'Baytown', 'Tx', '77521', 'Morning');
INSERT INTO Employee (EmployeeID, Name, Hired, Phone_No, Address_No, Street, City, State, Zipcode, Shift)
    VALUES (10011, 'Omar', '2026-02-28', '480-890-1535', '521', 'Willow Street', 'Mesquite', 'Tx', '75150', 'Morning');
INSERT INTO Employee (EmployeeID, Name, Hired, Phone_No, Address_No, Street, City, State, Zipcode, Shift)
    VALUES (10012, 'Megan', '2026-04-15', '707-554-3275', '9028', 'Park Lane', 'Plano', 'Tx', '75075', 'Morning');
INSERT INTO Employee (EmployeeID, Name, Hired, Phone_No, Address_No, Street, City, State, Zipcode, Shift)
    VALUES (10013, 'Melanie', '2026-02-12', '520-378-9713', '725', 'Orange Street', 'Fort Worth', 'Tx', '76133', 'Night');
INSERT INTO Employee (EmployeeID, Name, Hired, Phone_No, Address_No, Street, City, State, Zipcode, Shift)
    VALUES (10014, 'Ben', '2026-03-25', '308-684-3844', '34', 'Route 30', 'College Station', 'Tx', '77842', 'Night');
INSERT INTO Employee (EmployeeID, Name, Hired, Phone_No, Address_No, Street, City, State, Zipcode, Shift)
    VALUES (10015, 'Rosalind', '2026-02-18', '687-693-2587', '1', 'Roosevelt Avenue', 'Arlington', 'Tx', '76013', 'Morning');
INSERT INTO Employee (EmployeeID, Name, Hired, Phone_No, Address_No, Street, City, State, Zipcode, Shift)
    VALUES (10016, 'Betty', '2026-01-05', '697-463-9558', '627', 'Pin Oak Drive', 'Burleson', 'Tx', '76028', 'Night');
INSERT INTO Employee (EmployeeID, Name, Hired, Phone_No, Address_No, Street, City, State, Zipcode, Shift)
    VALUES (10017, 'William', '2026-01-15', '329-183-1093', '237', 'Charles Street', 'Mercedes', 'Tx', '78570', 'Night');
INSERT INTO Employee (EmployeeID, Name, Hired, Phone_No, Address_No, Street, City, State, Zipcode, Shift)
    VALUES (10018, 'Wyatt', '2026-02-01', '253-948-3126', '8763', 'Linda Lane', 'Austin', 'Tx', '78749', 'Morning');
INSERT INTO Employee (EmployeeID, Name, Hired, Phone_No, Address_No, Street, City, State, Zipcode, Shift)
    VALUES (10019, 'Shelly', '2026-01-03', '876-868-4748', '9221', 'Forest Avenue', 'Stafford', 'Tx', '77477', 'Morning');

-- Populate Manager
INSERT INTO Manager (EmployeeID, Office_No) VALUES (10005, 1);
INSERT INTO Manager (EmployeeID, Office_No) VALUES (10016, 2);
INSERT INTO Manager (EmployeeID, Office_No, Salary) VALUES (10017, 1, 60000);

-- Populate Chef

INSERT INTO Chef (EmployeeID, Station_No, Specialization) VALUES (10000, 1, 'Food');
INSERT INTO Chef (EmployeeID, Station_No, Specialization) VALUES (10002, 2, 'Extra');
INSERT INTO Chef (EmployeeID, Station_No, Specialization) VALUES (10009, 4, 'Food');
INSERT INTO Chef (EmployeeID, Station_No, Specialization, Wage) VALUES (10003, 3, 'Food', 21.50);
INSERT INTO Chef (EmployeeID, Station_No, Specialization) VALUES (10013, 2, 'Extra');
INSERT INTO Chef (EmployeeID, Station_No, Specialization, Wage) VALUES (10007, 5, 'Extra', 21);

-- Populate Server
INSERT INTO Server (EmployeeID, Section_No) VALUES (10001, 2);
INSERT INTO Server (EmployeeID, Section_No) VALUES (10004, 2);
INSERT INTO Server (EmployeeID, Section_No) VALUES (10006, 1);
INSERT INTO Server (EmployeeID, Section_No) VALUES (10008, 3);
INSERT INTO Server (EmployeeID, Section_No) VALUES (10012, 3);
INSERT INTO Server (EmployeeID, Section_No) VALUES (10014, 1);
INSERT INTO Server (EmployeeID, Section_No) VALUES (10019, 1);

-- Populate Cashier
INSERT INTO Cashier (EmployeeID, Register_No) VALUES (10018, 1);
INSERT INTO Cashier (EmployeeID, Register_No) VALUES (10010, 1);
INSERT INTO Cashier (EmployeeID, Register_No) VALUES (10015, 2);
INSERT INTO Cashier (EmployeeID, Register_No) VALUES (10011, 2);

-- Populate Timesheet
INSERT INTO Timesheet (TimeID, EmployeeID, Clock_In, Clock_Out) VALUES (1, 10005, '2026-04-16 07:01:50', '2026-04-16 15:00:39');
INSERT INTO Timesheet (TimeID, EmployeeID, Clock_In, Clock_Out) VALUES (2, 10000, '2026-04-16 07:02:00', '2026-04-16 14:30:36');
INSERT INTO Timesheet (TimeID, EmployeeID, Clock_In, Clock_Out) VALUES (3, 10019, '2026-04-16 08:00:21', '2026-04-16 14:10:29');
INSERT INTO Timesheet (TimeID, EmployeeID, Clock_In, Clock_Out) VALUES (4, 10013, '2026-04-16 08:01:43', '2026-04-16 14:58:32');
INSERT INTO Timesheet (TimeID, EmployeeID, Clock_In, Clock_Out) VALUES (5, 10010, '2026-04-16 09:03:59', '2026-04-16 15:12:12');
INSERT INTO Timesheet (TimeID, EmployeeID, Clock_In, Clock_Out) VALUES (6, 10012, '2026-04-16 09:00:17', '2026-04-16 16:10:40');
INSERT INTO Timesheet (TimeID, EmployeeID, Clock_In, Clock_Out) VALUES (7, 10016, '2026-04-16 14:55:13', '2026-04-16 22:54:58');
INSERT INTO Timesheet (TimeID, EmployeeID, Clock_In, Clock_Out) VALUES (8, 10003, '2026-04-16 14:03:20', '2026-04-16 22:00:52');
INSERT INTO Timesheet (TimeID, EmployeeID, Clock_In, Clock_Out) VALUES (9, 10008, '2026-04-16 14:02:33', '2026-04-16 22:00:19');
INSERT INTO Timesheet (TimeID, EmployeeID, Clock_In, Clock_Out) VALUES (10, 10002, '2026-04-16 15:00:44', '2026-04-16 23:00:21');
INSERT INTO Timesheet (TimeID, EmployeeID, Clock_In, Clock_Out) VALUES (11, 10011, '2026-04-16 15:00:49', '2026-04-16 21:29:54');
INSERT INTO Timesheet (TimeID, EmployeeID, Clock_In, Clock_Out) VALUES (12, 10014, '2026-04-16 16:29:30', '2026-04-16 23:32:38');
INSERT INTO Timesheet (TimeID, EmployeeID, Clock_In, Clock_Out) VALUES (13, 10018, '2026-04-16 16:31:00', '2026-04-16 23:33:07');
INSERT INTO Timesheet (TimeID, EmployeeID, Clock_In, Clock_Out) VALUES (14, 10017, '2026-04-17 07:11:43', '2026-04-17 15:10:39');
INSERT INTO Timesheet (TimeID, EmployeeID, Clock_In, Clock_Out) VALUES (15, 10009, '2026-04-17 07:03:50', '2026-04-17 15:00:56');
INSERT INTO Timesheet (TimeID, EmployeeID, Clock_In, Clock_Out) VALUES (16, 10001, '2026-04-17 08:02:23', '2026-04-17 15:00:55');
INSERT INTO Timesheet (TimeID, EmployeeID, Clock_In, Clock_Out) VALUES (17, 10002, '2026-04-17 07:59:12', '2026-04-17 15:58:43');
INSERT INTO Timesheet (TimeID, EmployeeID, Clock_In, Clock_Out) VALUES (18, 10015, '2026-04-17 08:58:59', '2026-04-17 16:01:47');
INSERT INTO Timesheet (TimeID, EmployeeID, Clock_In, Clock_Out) VALUES (19, 10006, '2026-04-17 09:01:38', '2026-04-17 16:58:03');
INSERT INTO Timesheet (TimeID, EmployeeID, Clock_In, Clock_Out) VALUES (20, 10005, '2026-04-17 15:05:59', '2026-04-17 23:00:26');
INSERT INTO Timesheet (TimeID, EmployeeID, Clock_In, Clock_Out) VALUES (21, 10003, '2026-04-17 14:33:43', '2026-04-17 22:30:59');
INSERT INTO Timesheet (TimeID, EmployeeID, Clock_In, Clock_Out) VALUES (22, 10012, '2026-04-17 14:02:59', '2026-04-17 22:00:19');
INSERT INTO Timesheet (TimeID, EmployeeID, Clock_In, Clock_Out) VALUES (23, 10013, '2026-04-17 15:30:59', '2026-04-17 23:20:15');
INSERT INTO Timesheet (TimeID, EmployeeID, Clock_In, Clock_Out) VALUES (24, 10010, '2026-04-17 15:00:56', '2026-04-17 22:30:28');
INSERT INTO Timesheet (TimeID, EmployeeID, Clock_In, Clock_Out) VALUES (25, 10004, '2026-04-17 16:29:59', '2026-04-17 23:31:59');
INSERT INTO Timesheet (TimeID, EmployeeID, Clock_In, Clock_Out) VALUES (26, 10011, '2026-04-17 16:01:59', '2026-04-17 23:33:59');
INSERT INTO Timesheet (TimeID, EmployeeID, Clock_In, Clock_Out) VALUES (27, 10016, '2026-04-18 07:31:59', '2026-04-18 15:03:59');
INSERT INTO Timesheet (TimeID, EmployeeID, Clock_In, Clock_Out) VALUES (28, 10000, '2026-04-18 07:01:52', '2026-04-18 13:55:59');
INSERT INTO Timesheet (TimeID, EmployeeID, Clock_In, Clock_Out) VALUES (29, 10019, '2026-04-18 07:57:59', '2026-04-18 15:02:29');
INSERT INTO Timesheet (TimeID, EmployeeID, Clock_In, Clock_Out) VALUES (30, 10007, '2026-04-18 08:00:41', '2026-04-18 15:58:59');
INSERT INTO Timesheet (TimeID, EmployeeID, Clock_In, Clock_Out) VALUES (31, 10018, '2026-04-18 09:00:22', '2026-04-18 16:02:27');
INSERT INTO Timesheet (TimeID, EmployeeID, Clock_In, Clock_Out) VALUES (32, 10008, '2026-04-18 09:30:43', '2026-04-18 16:31:57');
INSERT INTO Timesheet (TimeID, EmployeeID, Clock_In, Clock_Out) VALUES (33, 10017, '2026-04-18 15:05:59', '2026-04-18 22:44:58');
INSERT INTO Timesheet (TimeID, EmployeeID, Clock_In, Clock_Out) VALUES (34, 10009, '2026-04-18 13:59:28', '2026-04-18 21:58:32');
INSERT INTO Timesheet (TimeID, EmployeeID, Clock_In, Clock_Out) VALUES (35, 10001, '2026-04-18 15:00:36', '2026-04-18 22:57:16');
INSERT INTO Timesheet (TimeID, EmployeeID, Clock_In, Clock_Out) VALUES (36, 10002, '2026-04-18 15:00:59', '2026-04-18 22:46:21');
INSERT INTO Timesheet (TimeID, EmployeeID, Clock_In, Clock_Out) VALUES (37, 10015, '2026-04-18 15:00:49', '2026-04-18 22:29:59');
INSERT INTO Timesheet (TimeID, EmployeeID, Clock_In, Clock_Out) VALUES (38, 10014, '2026-04-18 16:00:03', '2026-04-18 23:31:49');
INSERT INTO Timesheet (TimeID, EmployeeID, Clock_In, Clock_Out) VALUES (39, 10010, '2026-04-18 16:31:00', '2026-04-18 23:35:07');

-- Populate Orders
INSERT INTO Orders (OrderID, Date_Time, Method, Payment, CustomerID) VALUES (1, '2026-04-16 17:03:38', 'Delivery', 'Card', 2);
INSERT INTO Orders (OrderID, Date_Time, Method, Payment, CustomerID) VALUES (2, '2026-04-16 21:37:14', 'Online', 'Card', 16);
INSERT INTO Orders (OrderID, Date_Time, Method, Payment, CustomerID) VALUES (3, '2026-04-16 12:11:06', 'Online', 'Cash', 20);
INSERT INTO Orders (OrderID, Date_Time, Method, Payment, CustomerID) VALUES (4, '2026-04-16 21:37:22', 'Online', 'Cash', 34);
INSERT INTO Orders (OrderID, Date_Time, Method, Payment, CustomerID) VALUES (5, '2026-04-16 12:25:41', 'Online', 'Card', 23);
INSERT INTO Orders (OrderID, Date_Time, Method, Payment, CustomerID) VALUES (6, '2026-04-16 20:28:26', 'Dine-In', 'Cash', 45);
INSERT INTO Orders (OrderID, Date_Time, Method, Payment, CustomerID) VALUES (7, '2026-04-16 15:24:19', 'Online', 'Card', 14);
INSERT INTO Orders (OrderID, Date_Time, Method, Payment, CustomerID) VALUES (8, '2026-04-16 18:39:55', 'Online', 'Card', 30);
INSERT INTO Orders (OrderID, Date_Time, Method, Payment, CustomerID) VALUES (9, '2026-04-16 19:26:08', 'Dine-In', 'Cash', 21);
INSERT INTO Orders (OrderID, Date_Time, Method, Payment, CustomerID) VALUES (10, '2026-04-16 15:09:35', 'Dine-In', 'Giftcard', 4);
INSERT INTO Orders (OrderID, Date_Time, Method, Payment, CustomerID) VALUES (11, '2026-04-16 09:11:40', 'Dine-In', 'Card', 26);
INSERT INTO Orders (OrderID, Date_Time, Method, Payment, CustomerID) VALUES (12, '2026-04-16 11:58:27', 'Online', 'Cash', 14);
INSERT INTO Orders (OrderID, Date_Time, Method, Payment, CustomerID) VALUES (13, '2026-04-16 16:09:29', 'Delivery', 'Card', 1);
INSERT INTO Orders (OrderID, Date_Time, Method, Payment, CustomerID) VALUES (14, '2026-04-16 20:37:32', 'Online', 'Card', 31);
INSERT INTO Orders (OrderID, Date_Time, Method, Payment, CustomerID) VALUES (15, '2026-04-16 12:13:26', 'Online', 'Card', 21);
INSERT INTO Orders (OrderID, Date_Time, Method, Payment, CustomerID) VALUES (16, '2026-04-16 21:28:35', 'Dine-In', 'Card', 29);
INSERT INTO Orders (OrderID, Date_Time, Method, Payment, CustomerID) VALUES (17, '2026-04-16 12:35:40', 'Online', 'Card', 13);
INSERT INTO Orders (OrderID, Date_Time, Method, Payment, CustomerID) VALUES (18, '2026-04-16 14:12:27', 'Online', 'Cash', 10);
INSERT INTO Orders (OrderID, Date_Time, Method, Payment, CustomerID) VALUES (19, '2026-04-16 13:52:20', 'Dine-In', 'Giftcard', 35);
INSERT INTO Orders (OrderID, Date_Time, Method, Payment, CustomerID) VALUES (20, '2026-04-16 14:48:51', 'Delivery', 'Cash', 47);
INSERT INTO Orders (OrderID, Date_Time, Method, Payment, CustomerID) VALUES (21, '2026-04-16 13:04:09', 'Dine-In', 'Cash', 30);
INSERT INTO Orders (OrderID, Date_Time, Method, Payment, CustomerID) VALUES (22, '2026-04-16 18:01:55', 'Delivery', 'Card', 10);
INSERT INTO Orders (OrderID, Date_Time, Method, Payment, CustomerID) VALUES (23, '2026-04-16 20:57:13', 'Dine-In', 'Cash', 33);
INSERT INTO Orders (OrderID, Date_Time, Method, Payment, CustomerID) VALUES (24, '2026-04-16 15:47:58', 'Online', 'Cash', 15);
INSERT INTO Orders (OrderID, Date_Time, Method, Payment, CustomerID) VALUES (25, '2026-04-16 14:15:29', 'Online', 'Cash', 18);
INSERT INTO Orders (OrderID, Date_Time, Method, Payment, CustomerID) VALUES (26, '2026-04-16 17:02:12', 'Dine-In', 'Card', 21);
INSERT INTO Orders (OrderID, Date_Time, Method, Payment, CustomerID) VALUES (27, '2026-04-16 17:34:26', 'Delivery', 'Card', 44);
INSERT INTO Orders (OrderID, Date_Time, Method, Payment, CustomerID) VALUES (28, '2026-04-16 13:33:45', 'Delivery', 'Card', 26);
INSERT INTO Orders (OrderID, Date_Time, Method, Payment, CustomerID) VALUES (29, '2026-04-16 14:51:21', 'Online', 'Cash', 34);
INSERT INTO Orders (OrderID, Date_Time, Method, Payment, CustomerID) VALUES (30, '2026-04-16 10:38:02', 'Delivery', 'Card', 6);
INSERT INTO Orders (OrderID, Date_Time, Method, Payment, CustomerID) VALUES (31, '2026-04-16 11:14:57', 'Online', 'Card', 5);
INSERT INTO Orders (OrderID, Date_Time, Method, Payment, CustomerID) VALUES (32, '2026-04-16 11:30:40', 'Delivery', 'Card', 16);
INSERT INTO Orders (OrderID, Date_Time, Method, Payment, CustomerID) VALUES (33, '2026-04-16 20:00:55', 'Dine-In', 'Card', 21);
INSERT INTO Orders (OrderID, Date_Time, Method, Payment, CustomerID) VALUES (34, '2026-04-16 09:58:01', 'Online', 'Giftcard', 25);
INSERT INTO Orders (OrderID, Date_Time, Method, Payment, CustomerID) VALUES (35, '2026-04-16 12:24:57', 'Dine-In', 'Cash', 18);
INSERT INTO Orders (OrderID, Date_Time, Method, Payment, CustomerID) VALUES (36, '2026-04-16 09:09:18', 'Online', 'Cash', 7);
INSERT INTO Orders (OrderID, Date_Time, Method, Payment, CustomerID) VALUES (37, '2026-04-16 10:56:38', 'Dine-In', 'Cash', 48);
INSERT INTO Orders (OrderID, Date_Time, Method, Payment, CustomerID) VALUES (38, '2026-04-16 17:46:08', 'Online', 'Card', 46);
INSERT INTO Orders (OrderID, Date_Time, Method, Payment, CustomerID) VALUES (39, '2026-04-16 11:25:25', 'Delivery', 'Card', 24);
INSERT INTO Orders (OrderID, Date_Time, Method, Payment, CustomerID) VALUES (40, '2026-04-16 16:19:57', 'Dine-In', 'Card', 2);
INSERT INTO Orders (OrderID, Date_Time, Method, Payment, CustomerID) VALUES (41, '2026-04-16 09:30:52', 'Dine-In', 'Card', 50);
INSERT INTO Orders (OrderID, Date_Time, Method, Payment, CustomerID) VALUES (42, '2026-04-16 19:11:00', 'Dine-In', 'Card', 19);
INSERT INTO Orders (OrderID, Date_Time, Method, Payment, CustomerID) VALUES (43, '2026-04-16 21:16:48', 'Online', 'Card', 34);
INSERT INTO Orders (OrderID, Date_Time, Method, Payment, CustomerID) VALUES (44, '2026-04-16 21:14:43', 'Dine-In', 'Card', 39);
INSERT INTO Orders (OrderID, Date_Time, Method, Payment, CustomerID) VALUES (45, '2026-04-16 11:36:32', 'Online', 'Cash', 40);
INSERT INTO Orders (OrderID, Date_Time, Method, Payment, CustomerID) VALUES (46, '2026-04-16 09:16:35', 'Online', 'Cash', 9);
INSERT INTO Orders (OrderID, Date_Time, Method, Payment, CustomerID) VALUES (47, '2026-04-16 20:37:21', 'Online', 'Cash', 6);
INSERT INTO Orders (OrderID, Date_Time, Method, Payment, CustomerID) VALUES (48, '2026-04-16 19:35:07', 'Online', 'Card', 22);
INSERT INTO Orders (OrderID, Date_Time, Method, Payment, CustomerID) VALUES (49, '2026-04-16 19:00:44', 'Dine-In', 'Card', 28);
INSERT INTO Orders (OrderID, Date_Time, Method, Payment, CustomerID) VALUES (50, '2026-04-16 10:37:16', 'Dine-In', 'Cash', 5);
INSERT INTO Orders (OrderID, Date_Time, Method, Payment, CustomerID) VALUES (51, '2026-04-16 19:34:42', 'Dine-In', 'Card', 11);
INSERT INTO Orders (OrderID, Date_Time, Method, Payment, CustomerID) VALUES (52, '2026-04-16 17:52:36', 'Online', 'Cash', 45);
INSERT INTO Orders (OrderID, Date_Time, Method, Payment, CustomerID) VALUES (53, '2026-04-16 19:18:13', 'Dine-In', 'Card', 44);
INSERT INTO Orders (OrderID, Date_Time, Method, Payment, CustomerID) VALUES (54, '2026-04-16 18:22:45', 'Online', 'Card', 9);
INSERT INTO Orders (OrderID, Date_Time, Method, Payment, CustomerID) VALUES (55, '2026-04-16 18:58:40', 'Delivery', 'Cash', 8);
INSERT INTO Orders (OrderID, Date_Time, Method, Payment, CustomerID) VALUES (56, '2026-04-16 16:15:38', 'Dine-In', 'Giftcard', 27);
INSERT INTO Orders (OrderID, Date_Time, Method, Payment, CustomerID) VALUES (57, '2026-04-16 18:10:07', 'Dine-In', 'Card', 48);
INSERT INTO Orders (OrderID, Date_Time, Method, Payment, CustomerID) VALUES (58, '2026-04-16 21:29:16', 'Dine-In', 'Cash', 34);
INSERT INTO Orders (OrderID, Date_Time, Method, Payment, CustomerID) VALUES (59, '2026-04-16 17:03:28', 'Dine-In', 'Cash', 8);
INSERT INTO Orders (OrderID, Date_Time, Method, Payment, CustomerID) VALUES (60, '2026-04-16 14:31:56', 'Online', 'Cash', 35);
INSERT INTO Orders (OrderID, Date_Time, Method, Payment, CustomerID) VALUES (61, '2026-04-16 20:34:28', 'Dine-In', 'Card', 3);
INSERT INTO Orders (OrderID, Date_Time, Method, Payment, CustomerID) VALUES (62, '2026-04-16 12:08:59', 'Delivery', 'Cash', 25);
INSERT INTO Orders (OrderID, Date_Time, Method, Payment, CustomerID) VALUES (63, '2026-04-16 09:49:18', 'Delivery', 'Cash', 43);
INSERT INTO Orders (OrderID, Date_Time, Method, Payment, CustomerID) VALUES (64, '2026-04-16 15:01:45', 'Online', 'Cash', 6);
INSERT INTO Orders (OrderID, Date_Time, Method, Payment, CustomerID) VALUES (65, '2026-04-16 17:07:01', 'Dine-In', 'Card', 15);
INSERT INTO Orders (OrderID, Date_Time, Method, Payment, CustomerID) VALUES (66, '2026-04-16 15:43:30', 'Dine-In', 'Cash', 41);
INSERT INTO Orders (OrderID, Date_Time, Method, Payment, CustomerID) VALUES (67, '2026-04-16 14:52:57', 'Dine-In', 'Giftcard', 46);
INSERT INTO Orders (OrderID, Date_Time, Method, Payment, CustomerID) VALUES (68, '2026-04-16 19:55:02', 'Delivery', 'Cash', 45);
INSERT INTO Orders (OrderID, Date_Time, Method, Payment, CustomerID) VALUES (69, '2026-04-16 09:47:03', 'Dine-In', 'Card', 20);
INSERT INTO Orders (OrderID, Date_Time, Method, Payment, CustomerID) VALUES (70, '2026-04-16 17:12:49', 'Delivery', 'Cash', 32);
INSERT INTO Orders (OrderID, Date_Time, Method, Payment, CustomerID) VALUES (71, '2026-04-16 10:20:54', 'Online', 'Card', 19);
INSERT INTO Orders (OrderID, Date_Time, Method, Payment, CustomerID) VALUES (72, '2026-04-16 21:30:19', 'Delivery', 'Card', 39);
INSERT INTO Orders (OrderID, Date_Time, Method, Payment, CustomerID) VALUES (73, '2026-04-16 13:55:47', 'Online', 'Card', 45);
INSERT INTO Orders (OrderID, Date_Time, Method, Payment, CustomerID) VALUES (74, '2026-04-16 14:12:02', 'Dine-In', 'Cash', 35);
INSERT INTO Orders (OrderID, Date_Time, Method, Payment, CustomerID) VALUES (75, '2026-04-16 12:44:00', 'Online', 'Cash', 31);
INSERT INTO Orders (OrderID, Date_Time, Method, Payment, CustomerID) VALUES (76, '2026-04-16 15:31:42', 'Online', 'Cash', 23);
INSERT INTO Orders (OrderID, Date_Time, Method, Payment, CustomerID) VALUES (77, '2026-04-16 17:40:30', 'Online', 'Cash', 47);
INSERT INTO Orders (OrderID, Date_Time, Method, Payment, CustomerID) VALUES (78, '2026-04-16 13:29:32', 'Dine-In', 'Card', 39);
INSERT INTO Orders (OrderID, Date_Time, Method, Payment, CustomerID) VALUES (79, '2026-04-16 09:44:24', 'Delivery', 'Cash', 30);
INSERT INTO Orders (OrderID, Date_Time, Method, Payment, CustomerID) VALUES (80, '2026-04-16 13:23:25', 'Dine-In', 'Cash', 41);
INSERT INTO Orders (OrderID, Date_Time, Method, Payment, CustomerID) VALUES (81, '2026-04-16 15:58:34', 'Dine-In', 'Card', 27);
INSERT INTO Orders (OrderID, Date_Time, Method, Payment, CustomerID) VALUES (82, '2026-04-16 14:50:23', 'Delivery', 'Card', 42);
INSERT INTO Orders (OrderID, Date_Time, Method, Payment, CustomerID) VALUES (83, '2026-04-16 15:58:04', 'Online', 'Cash', 3);
INSERT INTO Orders (OrderID, Date_Time, Method, Payment, CustomerID) VALUES (84, '2026-04-16 19:03:49', 'Delivery', 'Card', 12);
INSERT INTO Orders (OrderID, Date_Time, Method, Payment, CustomerID) VALUES (85, '2026-04-16 19:21:44', 'Delivery', 'Card', 15);
INSERT INTO Orders (OrderID, Date_Time, Method, Payment, CustomerID) VALUES (86, '2026-04-16 17:35:39', 'Delivery', 'Cash', 17);
INSERT INTO Orders (OrderID, Date_Time, Method, Payment, CustomerID) VALUES (87, '2026-04-16 12:40:21', 'Online', 'Cash', 49);
INSERT INTO Orders (OrderID, Date_Time, Method, Payment, CustomerID) VALUES (88, '2026-04-16 10:04:20', 'Delivery', 'Giftcard', 38);
INSERT INTO Orders (OrderID, Date_Time, Method, Payment, CustomerID) VALUES (89, '2026-04-16 15:45:40', 'Online', 'Card', 31);
INSERT INTO Orders (OrderID, Date_Time, Method, Payment, CustomerID) VALUES (90, '2026-04-16 10:49:47', 'Online', 'Cash', 4);
INSERT INTO Orders (OrderID, Date_Time, Method, Payment, CustomerID) VALUES (91, '2026-04-16 12:05:36', 'Dine-In', 'Card', 41);
INSERT INTO Orders (OrderID, Date_Time, Method, Payment, CustomerID) VALUES (92, '2026-04-16 15:12:10', 'Delivery', 'Card', 26);
INSERT INTO Orders (OrderID, Date_Time, Method, Payment, CustomerID) VALUES (93, '2026-04-16 21:27:24', 'Dine-In', 'Card', 22);
INSERT INTO Orders (OrderID, Date_Time, Method, Payment, CustomerID) VALUES (94, '2026-04-16 19:12:18', 'Online', 'Card', 25);
INSERT INTO Orders (OrderID, Date_Time, Method, Payment, CustomerID) VALUES (95, '2026-04-16 19:16:07', 'Online', 'Card', 37);
INSERT INTO Orders (OrderID, Date_Time, Method, Payment, CustomerID) VALUES (96, '2026-04-16 09:16:14', 'Online', 'Card', 5);
INSERT INTO Orders (OrderID, Date_Time, Method, Payment, CustomerID) VALUES (97, '2026-04-16 19:54:20', 'Online', 'Giftcard', 36);
INSERT INTO Orders (OrderID, Date_Time, Method, Payment, CustomerID) VALUES (98, '2026-04-16 20:55:16', 'Dine-In', 'Card', 2);
INSERT INTO Orders (OrderID, Date_Time, Method, Payment, CustomerID) VALUES (99, '2026-04-16 21:16:51', 'Dine-In', 'Cash', 36);
INSERT INTO Orders (OrderID, Date_Time, Method, Payment, CustomerID) VALUES (100, '2026-04-16 17:13:05', 'Online', 'Cash', 10);


-- Populate Contain
INSERT INTO Contain (OrderID, ItemID, Quantity) VALUES (1, 1007, 5);
INSERT INTO Contain (OrderID, ItemID, Quantity) VALUES (2, 1007, 5);
INSERT INTO Contain (OrderID, ItemID, Quantity) VALUES (2, 1010, 1);
INSERT INTO Contain (OrderID, ItemID, Quantity) VALUES (3, 1012, 1);
INSERT INTO Contain (OrderID, ItemID, Quantity) VALUES (3, 1002, 5);
INSERT INTO Contain (OrderID, ItemID, Quantity) VALUES (4, 1001, 5);
INSERT INTO Contain (OrderID, ItemID, Quantity) VALUES (5, 1003, 4);
INSERT INTO Contain (OrderID, ItemID, Quantity) VALUES (6, 1001, 5);
INSERT INTO Contain (OrderID, ItemID, Quantity) VALUES (8, 1011, 1);
INSERT INTO Contain (OrderID, ItemID, Quantity) VALUES (8, 1003, 3);
INSERT INTO Contain (OrderID, ItemID, Quantity) VALUES (8, 1015, 3);
INSERT INTO Contain (OrderID, ItemID, Quantity) VALUES (9, 1007, 1);
INSERT INTO Contain (OrderID, ItemID, Quantity) VALUES (10, 1017, 5);
INSERT INTO Contain (OrderID, ItemID, Quantity) VALUES (11, 1015, 3);
INSERT INTO Contain (OrderID, ItemID, Quantity) VALUES (11, 1017, 3);
INSERT INTO Contain (OrderID, ItemID, Quantity) VALUES (12, 1018, 5);
INSERT INTO Contain (OrderID, ItemID, Quantity) VALUES (13, 1017, 5);
INSERT INTO Contain (OrderID, ItemID, Quantity) VALUES (14, 1012, 1);
INSERT INTO Contain (OrderID, ItemID, Quantity) VALUES (14, 1013, 5);
INSERT INTO Contain (OrderID, ItemID, Quantity) VALUES (15, 1012, 3);
INSERT INTO Contain (OrderID, ItemID, Quantity) VALUES (16, 1004, 2);
INSERT INTO Contain (OrderID, ItemID, Quantity) VALUES (18, 1008, 2);
INSERT INTO Contain (OrderID, ItemID, Quantity) VALUES (18, 1017, 2);
INSERT INTO Contain (OrderID, ItemID, Quantity) VALUES (18, 1002, 1);
INSERT INTO Contain (OrderID, ItemID, Quantity) VALUES (19, 1011, 3);
INSERT INTO Contain (OrderID, ItemID, Quantity) VALUES (19, 1003, 4);
INSERT INTO Contain (OrderID, ItemID, Quantity) VALUES (20, 1015, 5);
INSERT INTO Contain (OrderID, ItemID, Quantity) VALUES (21, 1019, 4);
INSERT INTO Contain (OrderID, ItemID, Quantity) VALUES (22, 1014, 5);
INSERT INTO Contain (OrderID, ItemID, Quantity) VALUES (23, 1005, 1);
INSERT INTO Contain (OrderID, ItemID, Quantity) VALUES (24, 1003, 1);
INSERT INTO Contain (OrderID, ItemID, Quantity) VALUES (25, 1012, 1);
INSERT INTO Contain (OrderID, ItemID, Quantity) VALUES (26, 1000, 4);
INSERT INTO Contain (OrderID, ItemID, Quantity) VALUES (26, 1008, 2);
INSERT INTO Contain (OrderID, ItemID, Quantity) VALUES (27, 1013, 1);
INSERT INTO Contain (OrderID, ItemID, Quantity) VALUES (27, 1017, 1);
INSERT INTO Contain (OrderID, ItemID, Quantity) VALUES (28, 1014, 1);
INSERT INTO Contain (OrderID, ItemID, Quantity) VALUES (29, 1006, 3);
INSERT INTO Contain (OrderID, ItemID, Quantity) VALUES (29, 1002, 2);
INSERT INTO Contain (OrderID, ItemID, Quantity) VALUES (30, 1006, 2);
INSERT INTO Contain (OrderID, ItemID, Quantity) VALUES (31, 1014, 5);
INSERT INTO Contain (OrderID, ItemID, Quantity) VALUES (31, 1009, 1);
INSERT INTO Contain (OrderID, ItemID, Quantity) VALUES (32, 1009, 2);
INSERT INTO Contain (OrderID, ItemID, Quantity) VALUES (33, 1016, 2);
INSERT INTO Contain (OrderID, ItemID, Quantity) VALUES (34, 1006, 5);
INSERT INTO Contain (OrderID, ItemID, Quantity) VALUES (35, 1014, 2);
INSERT INTO Contain (OrderID, ItemID, Quantity) VALUES (36, 1004, 4);
INSERT INTO Contain (OrderID, ItemID, Quantity) VALUES (36, 1014, 5);
INSERT INTO Contain (OrderID, ItemID, Quantity) VALUES (37, 1002, 2);
INSERT INTO Contain (OrderID, ItemID, Quantity) VALUES (38, 1018, 5);
INSERT INTO Contain (OrderID, ItemID, Quantity) VALUES (39, 1004, 1);
INSERT INTO Contain (OrderID, ItemID, Quantity) VALUES (40, 1001, 4);
INSERT INTO Contain (OrderID, ItemID, Quantity) VALUES (41, 1015, 5);
INSERT INTO Contain (OrderID, ItemID, Quantity) VALUES (41, 1017, 5);
INSERT INTO Contain (OrderID, ItemID, Quantity) VALUES (44, 1007, 2);
INSERT INTO Contain (OrderID, ItemID, Quantity) VALUES (45, 1018, 2);
INSERT INTO Contain (OrderID, ItemID, Quantity) VALUES (45, 1003, 1);
INSERT INTO Contain (OrderID, ItemID, Quantity) VALUES (46, 1018, 3);
INSERT INTO Contain (OrderID, ItemID, Quantity) VALUES (47, 1011, 4);
INSERT INTO Contain (OrderID, ItemID, Quantity) VALUES (48, 1000, 1);
INSERT INTO Contain (OrderID, ItemID, Quantity) VALUES (51, 1012, 4);
INSERT INTO Contain (OrderID, ItemID, Quantity) VALUES (52, 1016, 2);
INSERT INTO Contain (OrderID, ItemID, Quantity) VALUES (52, 1009, 3);
INSERT INTO Contain (OrderID, ItemID, Quantity) VALUES (53, 1009, 2);
INSERT INTO Contain (OrderID, ItemID, Quantity) VALUES (54, 1007, 1);
INSERT INTO Contain (OrderID, ItemID, Quantity) VALUES (55, 1019, 4);
INSERT INTO Contain (OrderID, ItemID, Quantity) VALUES (56, 1000, 2);
INSERT INTO Contain (OrderID, ItemID, Quantity) VALUES (57, 1000, 1);
INSERT INTO Contain (OrderID, ItemID, Quantity) VALUES (58, 1011, 1);
INSERT INTO Contain (OrderID, ItemID, Quantity) VALUES (59, 1010, 3);
INSERT INTO Contain (OrderID, ItemID, Quantity) VALUES (60, 1016, 4);
INSERT INTO Contain (OrderID, ItemID, Quantity) VALUES (61, 1017, 2);
INSERT INTO Contain (OrderID, ItemID, Quantity) VALUES (61, 1005, 3);
INSERT INTO Contain (OrderID, ItemID, Quantity) VALUES (62, 1006, 1);
INSERT INTO Contain (OrderID, ItemID, Quantity) VALUES (64, 1002, 3);
INSERT INTO Contain (OrderID, ItemID, Quantity) VALUES (65, 1010, 4);
INSERT INTO Contain (OrderID, ItemID, Quantity) VALUES (66, 1007, 4);
INSERT INTO Contain (OrderID, ItemID, Quantity) VALUES (68, 1015, 3);
INSERT INTO Contain (OrderID, ItemID, Quantity) VALUES (68, 1009, 3);
INSERT INTO Contain (OrderID, ItemID, Quantity) VALUES (69, 1008, 4);
INSERT INTO Contain (OrderID, ItemID, Quantity) VALUES (70, 1009, 1);
INSERT INTO Contain (OrderID, ItemID, Quantity) VALUES (71, 1011, 1);
INSERT INTO Contain (OrderID, ItemID, Quantity) VALUES (72, 1003, 2);
INSERT INTO Contain (OrderID, ItemID, Quantity) VALUES (73, 1002, 2);
INSERT INTO Contain (OrderID, ItemID, Quantity) VALUES (73, 1004, 3);
INSERT INTO Contain (OrderID, ItemID, Quantity) VALUES (74, 1014, 2);
INSERT INTO Contain (OrderID, ItemID, Quantity) VALUES (76, 1009, 1);
INSERT INTO Contain (OrderID, ItemID, Quantity) VALUES (76, 1014, 3);
INSERT INTO Contain (OrderID, ItemID, Quantity) VALUES (77, 1017, 4);
INSERT INTO Contain (OrderID, ItemID, Quantity) VALUES (78, 1016, 2);
INSERT INTO Contain (OrderID, ItemID, Quantity) VALUES (79, 1015, 2);
INSERT INTO Contain (OrderID, ItemID, Quantity) VALUES (80, 1014, 4);
INSERT INTO Contain (OrderID, ItemID, Quantity) VALUES (81, 1017, 5);
INSERT INTO Contain (OrderID, ItemID, Quantity) VALUES (83, 1000, 1);
INSERT INTO Contain (OrderID, ItemID, Quantity) VALUES (84, 1007, 5);
INSERT INTO Contain (OrderID, ItemID, Quantity) VALUES (85, 1009, 5);
INSERT INTO Contain (OrderID, ItemID, Quantity) VALUES (86, 1011, 3);
INSERT INTO Contain (OrderID, ItemID, Quantity) VALUES (87, 1015, 4);
INSERT INTO Contain (OrderID, ItemID, Quantity) VALUES (88, 1001, 2);
INSERT INTO Contain (OrderID, ItemID, Quantity) VALUES (89, 1013, 5);
INSERT INTO Contain (OrderID, ItemID, Quantity) VALUES (90, 1016, 5);
INSERT INTO Contain (OrderID, ItemID, Quantity) VALUES (91, 1011, 2);
INSERT INTO Contain (OrderID, ItemID, Quantity) VALUES (92, 1001, 3);
INSERT INTO Contain (OrderID, ItemID, Quantity) VALUES (93, 1003, 2);
INSERT INTO Contain (OrderID, ItemID, Quantity) VALUES (94, 1017, 3);
INSERT INTO Contain (OrderID, ItemID, Quantity) VALUES (95, 1004, 5);
INSERT INTO Contain (OrderID, ItemID, Quantity) VALUES (95, 1015, 4);
INSERT INTO Contain (OrderID, ItemID, Quantity) VALUES (95, 1019, 4);
INSERT INTO Contain (OrderID, ItemID, Quantity) VALUES (95, 1009, 5);
INSERT INTO Contain (OrderID, ItemID, Quantity) VALUES (96, 1009, 3);
INSERT INTO Contain (OrderID, ItemID, Quantity) VALUES (97, 1003, 5);
INSERT INTO Contain (OrderID, ItemID, Quantity) VALUES (98, 1002, 2);
INSERT INTO Contain (OrderID, ItemID, Quantity) VALUES (98, 1004, 1);
INSERT INTO Contain (OrderID, ItemID, Quantity) VALUES (99, 1005, 4);
INSERT INTO Contain (OrderID, ItemID, Quantity) VALUES (99, 1012, 4);
INSERT INTO Contain (OrderID, ItemID, Quantity) VALUES (100, 1006, 3);
INSERT INTO Contain (OrderID, ItemID, Quantity) VALUES (16, 1002, 4);
INSERT INTO Contain (OrderID, ItemID, Quantity) VALUES (63, 1008, 1);
INSERT INTO Contain (OrderID, ItemID, Quantity) VALUES (46, 1001, 3);
INSERT INTO Contain (OrderID, ItemID, Quantity) VALUES (75, 1013, 1);
INSERT INTO Contain (OrderID, ItemID, Quantity) VALUES (12, 1003, 4);
INSERT INTO Contain (OrderID, ItemID, Quantity) VALUES (11, 1006, 4);
INSERT INTO Contain (OrderID, ItemID, Quantity) VALUES (64, 1010, 4);
INSERT INTO Contain (OrderID, ItemID, Quantity) VALUES (45, 1019, 2);
INSERT INTO Contain (OrderID, ItemID, Quantity) VALUES (12, 1011, 2);
INSERT INTO Contain (OrderID, ItemID, Quantity) VALUES (67, 1013, 3);
INSERT INTO Contain (OrderID, ItemID, Quantity) VALUES (96, 1000, 4);
INSERT INTO Contain (OrderID, ItemID, Quantity) VALUES (81, 1013, 2);
INSERT INTO Contain (OrderID, ItemID, Quantity) VALUES (18, 1006, 3);
INSERT INTO Contain (OrderID, ItemID, Quantity) VALUES (35, 1008, 4);
INSERT INTO Contain (OrderID, ItemID, Quantity) VALUES (82, 1016, 5);
INSERT INTO Contain (OrderID, ItemID, Quantity) VALUES (100, 1016, 2);
INSERT INTO Contain (OrderID, ItemID, Quantity) VALUES (20, 1011, 5);
INSERT INTO Contain (OrderID, ItemID, Quantity) VALUES (17, 1005, 1);
INSERT INTO Contain (OrderID, ItemID, Quantity) VALUES (26, 1004, 4);
INSERT INTO Contain (OrderID, ItemID, Quantity) VALUES (42, 1009, 4);
INSERT INTO Contain (OrderID, ItemID, Quantity) VALUES (15, 1004, 4);
INSERT INTO Contain (OrderID, ItemID, Quantity) VALUES (18, 1007, 2);
INSERT INTO Contain (OrderID, ItemID, Quantity) VALUES (26, 1001, 1);
INSERT INTO Contain (OrderID, ItemID, Quantity) VALUES (3, 1010, 2);
INSERT INTO Contain (OrderID, ItemID, Quantity) VALUES (7, 1013, 3);
INSERT INTO Contain (OrderID, ItemID, Quantity) VALUES (80, 1007, 5);
INSERT INTO Contain (OrderID, ItemID, Quantity) VALUES (41, 1012, 1);
INSERT INTO Contain (OrderID, ItemID, Quantity) VALUES (50, 1015, 3);
INSERT INTO Contain (OrderID, ItemID, Quantity) VALUES (43, 1019, 4);
INSERT INTO Contain (OrderID, ItemID, Quantity) VALUES (49, 1004, 3);

-- Populate Serve
INSERT INTO Serve (OrderID, EmployeeID) VALUES (6, 10001);
INSERT INTO Serve (OrderID, EmployeeID) VALUES (53, 10006);
INSERT INTO Serve (OrderID, EmployeeID) VALUES (57, 10007);
INSERT INTO Serve (OrderID, EmployeeID) VALUES (88, 10012);
INSERT INTO Serve (OrderID, EmployeeID) VALUES (91, 10008);
INSERT INTO Serve (OrderID, EmployeeID) VALUES (75, 10013);
INSERT INTO Serve (OrderID, EmployeeID) VALUES (32, 10016);
INSERT INTO Serve (OrderID, EmployeeID) VALUES (14, 10006);
INSERT INTO Serve (OrderID, EmployeeID) VALUES (9, 10019);
INSERT INTO Serve (OrderID, EmployeeID) VALUES (76, 10010);
INSERT INTO Serve (OrderID, EmployeeID) VALUES (37, 10009);
INSERT INTO Serve (OrderID, EmployeeID) VALUES (6, 10002);
INSERT INTO Serve (OrderID, EmployeeID) VALUES (80, 10000);
INSERT INTO Serve (OrderID, EmployeeID) VALUES (73, 10006);
INSERT INTO Serve (OrderID, EmployeeID) VALUES (60, 10001);
INSERT INTO Serve (OrderID, EmployeeID) VALUES (7, 10000);
INSERT INTO Serve (OrderID, EmployeeID) VALUES (65, 10009);
INSERT INTO Serve (OrderID, EmployeeID) VALUES (90, 10014);
INSERT INTO Serve (OrderID, EmployeeID) VALUES (85, 10019);
INSERT INTO Serve (OrderID, EmployeeID) VALUES (49, 10004);
INSERT INTO Serve (OrderID, EmployeeID) VALUES (86, 10004);
INSERT INTO Serve (OrderID, EmployeeID) VALUES (79, 10009);
INSERT INTO Serve (OrderID, EmployeeID) VALUES (52, 10008);
INSERT INTO Serve (OrderID, EmployeeID) VALUES (72, 10001);
INSERT INTO Serve (OrderID, EmployeeID) VALUES (25, 10013);
INSERT INTO Serve (OrderID, EmployeeID) VALUES (16, 10018);
INSERT INTO Serve (OrderID, EmployeeID) VALUES (54, 10015);
INSERT INTO Serve (OrderID, EmployeeID) VALUES (48, 10011);
INSERT INTO Serve (OrderID, EmployeeID) VALUES (24, 10013);
INSERT INTO Serve (OrderID, EmployeeID) VALUES (63, 10003);
INSERT INTO Serve (OrderID, EmployeeID) VALUES (92, 10007);
INSERT INTO Serve (OrderID, EmployeeID) VALUES (84, 10019);
INSERT INTO Serve (OrderID, EmployeeID) VALUES (11, 10007);
INSERT INTO Serve (OrderID, EmployeeID) VALUES (62, 10018);
INSERT INTO Serve (OrderID, EmployeeID) VALUES (4, 10011);
INSERT INTO Serve (OrderID, EmployeeID) VALUES (85, 10003);
INSERT INTO Serve (OrderID, EmployeeID) VALUES (8, 10001);
INSERT INTO Serve (OrderID, EmployeeID) VALUES (17, 10007);
INSERT INTO Serve (OrderID, EmployeeID) VALUES (61, 10018);
INSERT INTO Serve (OrderID, EmployeeID) VALUES (68, 10006);
INSERT INTO Serve (OrderID, EmployeeID) VALUES (40, 10000);
INSERT INTO Serve (OrderID, EmployeeID) VALUES (27, 10007);
INSERT INTO Serve (OrderID, EmployeeID) VALUES (19, 10019);
INSERT INTO Serve (OrderID, EmployeeID) VALUES (70, 10011);
INSERT INTO Serve (OrderID, EmployeeID) VALUES (65, 10016);
INSERT INTO Serve (OrderID, EmployeeID) VALUES (75, 10014);
INSERT INTO Serve (OrderID, EmployeeID) VALUES (56, 10017);
INSERT INTO Serve (OrderID, EmployeeID) VALUES (83, 10014);
INSERT INTO Serve (OrderID, EmployeeID) VALUES (42, 10000);
INSERT INTO Serve (OrderID, EmployeeID) VALUES (1, 10018);
INSERT INTO Serve (OrderID, EmployeeID) VALUES (44, 10015);
INSERT INTO Serve (OrderID, EmployeeID) VALUES (67, 10006);
INSERT INTO Serve (OrderID, EmployeeID) VALUES (62, 10001);
INSERT INTO Serve (OrderID, EmployeeID) VALUES (95, 10017);
INSERT INTO Serve (OrderID, EmployeeID) VALUES (100, 10018);
INSERT INTO Serve (OrderID, EmployeeID) VALUES (15, 10015);
INSERT INTO Serve (OrderID, EmployeeID) VALUES (66, 10011);
INSERT INTO Serve (OrderID, EmployeeID) VALUES (74, 10019);
INSERT INTO Serve (OrderID, EmployeeID) VALUES (79, 10004);
INSERT INTO Serve (OrderID, EmployeeID) VALUES (33, 10006);
INSERT INTO Serve (OrderID, EmployeeID) VALUES (16, 10012);
INSERT INTO Serve (OrderID, EmployeeID) VALUES (41, 10019);
INSERT INTO Serve (OrderID, EmployeeID) VALUES (8, 10006);
INSERT INTO Serve (OrderID, EmployeeID) VALUES (51, 10018);
INSERT INTO Serve (OrderID, EmployeeID) VALUES (55, 10003);
INSERT INTO Serve (OrderID, EmployeeID) VALUES (51, 10009);
INSERT INTO Serve (OrderID, EmployeeID) VALUES (87, 10001);
INSERT INTO Serve (OrderID, EmployeeID) VALUES (1, 10004);
INSERT INTO Serve (OrderID, EmployeeID) VALUES (34, 10003);
INSERT INTO Serve (OrderID, EmployeeID) VALUES (35, 10002);
INSERT INTO Serve (OrderID, EmployeeID) VALUES (74, 10005);
INSERT INTO Serve (OrderID, EmployeeID) VALUES (8, 10010);
INSERT INTO Serve (OrderID, EmployeeID) VALUES (75, 10019);
INSERT INTO Serve (OrderID, EmployeeID) VALUES (87, 10005);
INSERT INTO Serve (OrderID, EmployeeID) VALUES (30, 10011);
INSERT INTO Serve (OrderID, EmployeeID) VALUES (99, 10011);
INSERT INTO Serve (OrderID, EmployeeID) VALUES (98, 10012);
INSERT INTO Serve (OrderID, EmployeeID) VALUES (58, 10013);
INSERT INTO Serve (OrderID, EmployeeID) VALUES (31, 10017);
INSERT INTO Serve (OrderID, EmployeeID) VALUES (22, 10006);
INSERT INTO Serve (OrderID, EmployeeID) VALUES (89, 10013);
INSERT INTO Serve (OrderID, EmployeeID) VALUES (15, 10007);
INSERT INTO Serve (OrderID, EmployeeID) VALUES (84, 10015);
INSERT INTO Serve (OrderID, EmployeeID) VALUES (20, 10014);
INSERT INTO Serve (OrderID, EmployeeID) VALUES (74, 10002);
INSERT INTO Serve (OrderID, EmployeeID) VALUES (82, 10000);
INSERT INTO Serve (OrderID, EmployeeID) VALUES (52, 10005);
INSERT INTO Serve (OrderID, EmployeeID) VALUES (78, 10006);
INSERT INTO Serve (OrderID, EmployeeID) VALUES (25, 10003);
INSERT INTO Serve (OrderID, EmployeeID) VALUES (13, 10007);
INSERT INTO Serve (OrderID, EmployeeID) VALUES (31, 10010);
INSERT INTO Serve (OrderID, EmployeeID) VALUES (43, 10001);
INSERT INTO Serve (OrderID, EmployeeID) VALUES (50, 10008);
INSERT INTO Serve (OrderID, EmployeeID) VALUES (1, 10017);
INSERT INTO Serve (OrderID, EmployeeID) VALUES (23, 10019);
INSERT INTO Serve (OrderID, EmployeeID) VALUES (18, 10003);
INSERT INTO Serve (OrderID, EmployeeID) VALUES (96, 10011);
INSERT INTO Serve (OrderID, EmployeeID) VALUES (28, 10007);
INSERT INTO Serve (OrderID, EmployeeID) VALUES (2, 10000);
INSERT INTO Serve (OrderID, EmployeeID) VALUES (9, 10006);
INSERT INTO Serve (OrderID, EmployeeID) VALUES (11, 10013);
INSERT INTO Serve (OrderID, EmployeeID) VALUES (66, 10009);
INSERT INTO Serve (OrderID, EmployeeID) VALUES (46, 10011);
INSERT INTO Serve (OrderID, EmployeeID) VALUES (39, 10010);
INSERT INTO Serve (OrderID, EmployeeID) VALUES (3, 10005);
INSERT INTO Serve (OrderID, EmployeeID) VALUES (45, 10015);
INSERT INTO Serve (OrderID, EmployeeID) VALUES (4, 10013);
INSERT INTO Serve (OrderID, EmployeeID) VALUES (66, 10008);
INSERT INTO Serve (OrderID, EmployeeID) VALUES (54, 10003);
INSERT INTO Serve (OrderID, EmployeeID) VALUES (47, 10017);
INSERT INTO Serve (OrderID, EmployeeID) VALUES (61, 10015);
INSERT INTO Serve (OrderID, EmployeeID) VALUES (93, 10006);
INSERT INTO Serve (OrderID, EmployeeID) VALUES (37, 10018);
INSERT INTO Serve (OrderID, EmployeeID) VALUES (13, 10000);
INSERT INTO Serve (OrderID, EmployeeID) VALUES (78, 10001);
INSERT INTO Serve (OrderID, EmployeeID) VALUES (97, 10015);
INSERT INTO Serve (OrderID, EmployeeID) VALUES (36, 10005);
INSERT INTO Serve (OrderID, EmployeeID) VALUES (38, 10017);
INSERT INTO Serve (OrderID, EmployeeID) VALUES (21, 10008);
INSERT INTO Serve (OrderID, EmployeeID) VALUES (77, 10000);
INSERT INTO Serve (OrderID, EmployeeID) VALUES (43, 10004);
INSERT INTO Serve (OrderID, EmployeeID) VALUES (69, 10014);
INSERT INTO Serve (OrderID, EmployeeID) VALUES (98, 10018);
INSERT INTO Serve (OrderID, EmployeeID) VALUES (59, 10008);
INSERT INTO Serve (OrderID, EmployeeID) VALUES (64, 10019);
INSERT INTO Serve (OrderID, EmployeeID) VALUES (80, 10004);
INSERT INTO Serve (OrderID, EmployeeID) VALUES (45, 10007);
INSERT INTO Serve (OrderID, EmployeeID) VALUES (50, 10004);
INSERT INTO Serve (OrderID, EmployeeID) VALUES (26, 10010);
INSERT INTO Serve (OrderID, EmployeeID) VALUES (95, 10016);
INSERT INTO Serve (OrderID, EmployeeID) VALUES (52, 10012);
INSERT INTO Serve (OrderID, EmployeeID) VALUES (91, 10018);
INSERT INTO Serve (OrderID, EmployeeID) VALUES (81, 10015);
INSERT INTO Serve (OrderID, EmployeeID) VALUES (13, 10004);
INSERT INTO Serve (OrderID, EmployeeID) VALUES (57, 10008);
INSERT INTO Serve (OrderID, EmployeeID) VALUES (12, 10008);
INSERT INTO Serve (OrderID, EmployeeID) VALUES (10, 10007);
INSERT INTO Serve (OrderID, EmployeeID) VALUES (29, 10009);
INSERT INTO Serve (OrderID, EmployeeID) VALUES (47, 10008);
INSERT INTO Serve (OrderID, EmployeeID) VALUES (12, 10006);
INSERT INTO Serve (OrderID, EmployeeID) VALUES (94, 10013);
INSERT INTO Serve (OrderID, EmployeeID) VALUES (56, 10002);
INSERT INTO Serve (OrderID, EmployeeID) VALUES (2, 10009);
INSERT INTO Serve (OrderID, EmployeeID) VALUES (66, 10015);
INSERT INTO Serve (OrderID, EmployeeID) VALUES (58, 10007);
INSERT INTO Serve (OrderID, EmployeeID) VALUES (87, 10013);
INSERT INTO Serve (OrderID, EmployeeID) VALUES (71, 10003);
INSERT INTO Serve (OrderID, EmployeeID) VALUES (5, 10014);
INSERT INTO Serve (OrderID, EmployeeID) VALUES (77, 10012);
